Spinglass, InfoMap, Leiden, Mu
0.918111, 1.000000, 0.956015, 0.100000
