Spinglass, InfoMap, Leiden, Mu
-1.000000, -1.000000, 0.980983, 0.100000
